{"Burundi": 73.49338477633869, "Comoros": 63.1123000679188, "Djibouti": 45.71125540396624, "Eritrea": 57.84215785690703, "Kenya": 70.81675972339887, "Madagascar": 57.307608973685205, "Malawi": 77.1566023292092, "Mauritius": 49.40445910372797, "Mozambique": 67.91088593268726, "Seychelles": 55.39955025421142, "Somalia": 34.36193247047712, "Zambia": 77.86954114917954, "Zimbabwe": 72.1723350241384, "Cameroon": 61.5811959646665, "Central African Republic": 57.723516744539225, "Chad": 39.5189625633945, "Equatorial Guinea": 54.164355783450965, "Gabon": 69.07184190955019, "Sao Tome and Principe": 73.87013802612003, "Botswana": 73.66386724262756, "Lesotho": 70.10397879520428, "Namibia": 55.828771475092964, "Benin": 64.98036528170338, "Burkina Faso": 69.6128246050511, "Ghana": 65.81825780313889, "Guinea": 57.45198287052604, "Guinea-Bissau": 68.00707682002319, "Liberia": 41.6192541237411, "Mali": 61.950958523322086, "Mauritania": 66.49373738704665, "Niger": 53.35170030546069, "Togo": 66.83358174782919, "Algeria": 58.842055254479455, "Egypt": 65.78318926027788, "Libya": 66.43956535277962, "Morocco": 58.621548582934416, "Tunisia": 55.69981164625638, "Azerbaijan": 36.614118160644615, "Georgia": 30.32310082886317, "Iraq": 74.19812639738018, "Jordan": 33.952872143318984, "Kuwait": 18.68040037241637, "Oman": 71.44444229049857, "Qatar": 62.69613715180308, "United Arab Emirates": 60.642630951853704, "Kazakhstan": 42.08115415609547, "Tajikistan": 55.96250555441175, "Turkmenistan": 50.60342476530112, "Afghanistan": 41.76686929796407, "Maldives": 64.08195258837631, "Nepal": 59.826254557734245, "Sri Lanka": 52.52456506871825, "China": 42.4808322169089, "Cambodia": 52.13266428961485, "Malaysia": 65.77416708075839, "Philippines": 61.77373232382383, "Timor-Leste": 34.45097559941334, "Cuba": 46.85062160910879, "Dominican Republic": 56.12616041746049, "Haiti": 55.8284474859627, "Jamaica": 55.13012501085509, "Belize": 68.0840238978857, "Costa Rica": 52.49249070404426, "Guatemala": 59.25852929170154, "Honduras": 66.43989857164905, "Nicaragua": 66.95952965018655, "Panama": 62.22562949234926, "Argentina": 58.472680213281556, "Ecuador": 64.36319638117395, "Guyana": 61.163042681178034, "Paraguay": 59.38700991767525, "Fiji": 67.04078509921757, "Papua New Guinea": 64.65843442600287, "Solomon Islands": 64.12158247262877, "Vanuatu": 63.97516908601948, "Kiribati": 62.4879979833577, "Samoa": 65.87602500431369, "Tonga": 67.27063110946216, "Belarus": 29.6291115793027, "Estonia": 27.20041379897409, "Lithuania": 28.176764990852952, "Albania": 50.520013530372374, "Greece": 13.931200841940218, "Malta": 15.466412954638898, "Portugal": 31.956710926606235, "Denmark": 50.67139825236132, "Sweden": 40.893564266250856, "Israel": 28.96359328621913, "Australia": 38.939824485666456, "Switzerland": 31.93460244829413, "United Kingdom": 67.23960296846465, "Slovenia": 75.23501571251899, "Germany": 49.73418322875438, "Spain": 26.655823465415395, "Finland": 80.39085463230904, "France": 71.40541749065814, "Austria": 53.14224566528577, "Slovakia": 79.19178856657683, "Czechia": 73.53829397154288, "New Zealand": 34.22954912901546, "Norway": 79.82189672522283, "Saudi Arabia": 86.81294016045497, "Brazil": 65.60428539382114, "Poland": 80.84573786123414, "Hungary": 82.3460322792938, "Indonesia": 33.89023345964154, "Peru": 96.471356412701, "Croatia": 87.40900231655341, "Bulgaria": 83.48940745373503, "Uganda": 76.97424065757421, "Montenegro": 99.8964482818629, "South Africa": 79.180994222157, "Serbia": 99.88650485669105, "Sudan": 82.72153567496055, "Latvia": 85.17646894494582, "Ethiopia": 77.31388544867133, "Bhutan": 72.2071392220784, "Bangladesh": 70.78519961342019, "Thailand": 53.41470832267044, "Nigeria": 66.54035548192194, "India": 96.86211037349175, "El Salvador": 78.38976934315464, "Ireland": 85.05394528414791, "Uruguay": 54.20859986358466, "Angola": 84.25086033464684, "Singapore": 86.34846994010734, "Ukraine": 54.99540703699839, "Armenia": 26.89638565751394, "Japan": 70.00422513425528, "Chile": 93.14533597604483, "Bosnia and Herzegovina": 88.5576121078887, "Pakistan": 77.83527711398072, "Senegal": 73.68390818375231, "Turkey": 92.82607931634648, "Mongolia": 97.92512029629091, "Rwanda": 96.29392341838441, "Sierra Leone": 66.92488998194135, "Colombia": 86.39443152877762, "Romania": 99.66709986563176, "Mexico": 98.91574672504741, "Gambia": 83.77764419389308, "North Macedonia": 90.79511821425257, "Canada": 0.0, "Belgium": 0.0, "Netherlands": 0.0, "Luxembourg": 0.0, "Italy": 0.0, "Andorra": 0.0, "Lebanon": 0.0, "Australia / Queensland": 38.939824485666456, "Australia / Tasmania": 38.939824485666456, "Australia / Victoria": 38.939824485666456, "Australia / South Australia": 38.939824485666456, "Australia / New South Wales": 38.939824485666456, "Australia / Australian Capital Territory": 38.939824485666456, "Australia / Western Australia": 38.939824485666456, "Australia / Northern Territory": 38.939824485666456, "Canada / Ontario": 0.0, "Canada / Yukon": 0.0, "Canada / British Columbia": 0.0, "Canada / Alberta": 0.0, "Canada / Grand Princess": 0.0, "Canada / Northwest Territories": 0.0, "Canada / Recovered": 0.0, "Canada / Quebec": 0.0, "Canada / Manitoba": 0.0, "Canada / Nova Scotia": 0.0, "Canada / Prince Edward Island": 0.0, "Canada / Newfoundland and Labrador": 0.0, "Canada / New Brunswick": 0.0, "Canada / Saskatchewan": 0.0, "China / Beijing": 42.4808322169089, "China / Shandong": 42.4808322169089, "China / Xinjiang": 42.4808322169089, "China / Hainan": 42.4808322169089, "China / Shanghai": 42.4808322169089, "China / Anhui": 42.4808322169089, "China / Yunnan": 42.4808322169089, "China / Hebei": 42.4808322169089, "China / Henan": 42.4808322169089, "China / Ningxia": 42.4808322169089, "China / Inner Mongolia": 42.4808322169089, "China / Tibet": 42.4808322169089, "China / Jilin": 42.4808322169089, "China / Sichuan": 42.4808322169089, "China / Guangxi": 42.4808322169089, "China / Jiangxi": 42.4808322169089, "China / Tianjin": 42.4808322169089, "China / Chongqing": 42.4808322169089, "China / Macau": 42.4808322169089, "China / Gansu": 42.4808322169089, "China / Hunan": 42.4808322169089, "China / Heilongjiang": 42.4808322169089, "China / Guangdong": 42.4808322169089, "China / Zhejiang": 42.4808322169089, "China / Fujian": 42.4808322169089, "China / Hubei": 42.4808322169089, "China / Shanxi": 42.4808322169089, "China / Liaoning": 42.4808322169089, "China / Guizhou": 42.4808322169089, "China / Shaanxi": 42.4808322169089, "China / Jiangsu": 42.4808322169089, "China / Qinghai": 42.4808322169089, "Taiwan*": 88.79606367982569, "China / Hong Kong": 75.0915570145009, "Iran": 56.528216472931135, "Burma": 50.342470463014436, "Korea, South": 51.30246211276076, "Russia": 29.243125801909503, "Syria": 60.979490392461955, "Tanzania": 86.3436019930968, "Vietnam": 52.78888502418377, "US": 0.0}