{"Switzerland": [31.93460244829413, -1.0293055772781372, 80.31806182861328, 20.586999893188477, 18.056520462036133, 37.0, 0.7805555462837219], "France": [71.40541749065814, 8.592340469360352, 71.57737731933594, 1.5163333415985107, 53.29663848876953, 37.0, 0.694444477558136], "Canada / Ontario": [0.0, -2.9012367725372314, 72.54961395263672, 15.050000190734863, 10.54592514038086, 36.0, 0.7910052537918091], "Canada / British Columbia": [0.0, 7.873392581939697, 70.90216827392578, 15.050000190734863, 4.356861114501953, 36.0, 0.8429951667785645], "Argentina": [58.472680213281556, 21.576786041259766, 51.022132873535156, 0.8040000200271606, 12.66489315032959, 34.26, 1.3470051288604736], "Turkey": [92.82607931634648, 5.907082557678223, 57.91666793823242, 3.2960000038146973, 40.28778076171875, 37.8, 1.2083334922790527], "Philippines": [61.77373232382383, 27.45600128173828, 82.47859191894531, 0.48100000619888306, 14.679821014404297, 28.9, 2.4357638359069824], "India": [96.86211037349175, 30.079513549804688, 29.32133674621582, 0.33399999141693115, 14.455020904541016, 20.8, 2.412879228591919], "Netherlands": [0.0, 4.549166202545166, 44.91667175292969, 4.0289998054504395, 29.937496185302734, 35.0, 0.75], "Australia / New South Wales": [38.939824485666456, 19.741409301757812, 74.24956512451172, 17.31800079345703, 3.4252431392669678, 31.0, 1.3747302293777466], "Canada / Alberta": [0.0, -3.8155782222747803, 74.52082824707031, 15.050000190734863, 7.205566883087158, 36.0, 0.7121914029121399], "Germany": [49.73418322875438, 0.7879164814949036, 48.0, 13.765142440795898, 12.036505699157715, 37.0, 0.75], "Poland": [80.84573786123414, 4.269686698913574, 51.10759353637695, 5.645999908447266, 11.604031562805176, 31.26, 0.779353141784668], "Cuba": [46.85062160910879, 22.298593521118164, 79.3499984741211, 2.6459999084472656, 7.753834247589111, 32.77, 2.521212100982666], "Austria": [53.14224566528577, 1.313537359237671, 60.334434509277344, 21.523000717163086, 15.010613441467285, 33.0, 0.9911581873893738], "Japan": [70.00422513425528, 4.355191707611084, 64.77059936523438, 1.406999945640564, 16.815128326416016, 39.8, 1.2021071910858154], "Slovenia": [75.23501571251899, 6.319773197174072, 47.069942474365234, 20.641000747680664, 4.388056755065918, 33.0, 1.0997565984725952], "Finland": [80.39085463230904, 0.22778715193271637, 68.10492706298828, 11.01200008392334, 10.441241264343262, 38.0, 0.4352431893348694], "Colombia": [86.39443152877762, 14.222471237182617, 90.53055572509766, 1.2209999561309814, 12.865428924560547, 26.11, 2.4152777194976807], "Lithuania": [28.176764990852952, 2.7005269527435303, 54.921104431152344, 24.804000854492188, 4.458150386810303, 33.0, 0.7024456858634949], "Israel": [28.96359328621913, 15.295791625976562, 58.256248474121094, 28.448999404907227, 10.35677433013916, 34.0, 1.7430554628372192], "Hungary": [82.3460322792938, 6.23125696182251, 57.40766906738281, 5.202000141143799, 8.850207328796387, 33.0, 0.9198652505874634], "Canada / Quebec": [0.0, -10.768668174743652, 68.78494262695312, 14.77400016784668, 27.27173614501953, 36.0, 0.6666666865348816], "Sweden": [40.893564266250856, -0.12810346484184265, 62.375, 7.652285575866699, 25.789012908935547, 37.0, 0.272988498210907], "Estonia": [27.20041379897409, 1.8943625688552856, 65.1392593383789, 32.45800018310547, 5.083878040313721, 30.8, 0.5705515742301941], "Peru": [96.471356412701, 24.511093139648438, 86.46745300292969, 4.675000190734863, 35.49159240722656, 18.4, 1.8886719942092896], "Italy": [0.0, 4.503333568572998, 46.5, 1.2369999885559082, 40.04033660888672, 36.0, 1.1666666269302368], "Pakistan": [77.83527711398072, 16.472129821777344, 63.05794143676758, 0.5370000004768372, 22.225799560546875, 20.6, 1.6393229961395264], "Denmark": [50.67139825236132, 4.838400363922119, 61.559783935546875, 17.344999313354492, 16.138246536254883, 37.0, 0.6829443573951721], "Greece": [13.931200841940218, 7.553932189941406, 80.13644409179688, 4.800000190734863, 8.844457626342773, 32.9, 1.1168478727340698], "Norway": [79.82189672522283, -1.7652727365493774, 63.03205871582031, 26.658000946044922, 7.311418056488037, 42.5, 0.5581603050231934], "US": [0.0, 11.83874797821045, 84.95834350585938, 0.8669999837875366, 61.042015075683594, 35.7, 1.1666665077209473], "United Kingdom": [67.23960296846465, 3.5166666507720947, 71.33332824707031, 1.5570000410079956, 19.57748031616211, 35.0, 0.5], "Mexico": [98.91574672504741, 20.94548225402832, 29.66555404663086, 0.29499998688697815, 56.98249435424805, 29.9, 2.767385721206665], "Thailand": [53.41470832267044, 31.06859588623047, 60.82308578491211, 0.5889999866485596, 9.963197708129883, 16.9, 2.427595853805542], "Luxembourg": [0.0, 6.706605911254883, 55.5014533996582, 57.888999938964844, 12.487242698669434, 37.0, 0.9618468284606934], "Chile": [93.14533597604483, 15.762008666992188, 62.75223159790039, 6.624000072479248, 13.73256778717041, 8.7, 1.5427964925765991], "South Africa": [79.180994222157, 21.165111541748047, 43.293212890625, 2.1619999408721924, 4.523863315582275, 32.0, 1.868827223777771], "Czechia": [73.53829397154288, 2.9718565940856934, 56.72901916503906, 16.79800033569336, 6.747737407684326, 36.0, 0.9660024046897888], "Korea, South": [51.30246211276076, 8.15345287322998, 50.65613555908203, 11.086000442504883, 3.2551445960998535, 32.8, 1.2925825119018555]}