{"Czechia": ntario": [0.0, -2.9012367725372314, 72.54961395263672, 15.050000190734863, 10.912652015686035, 36.0, 0.7910052537918091], "Denmark": [50.67139825236132, 4.838400363922119, 61.559783935546875, 17.344999313354492, 15.87491226196289, 37.0, 0.6829443573951721], "Mexico": [98.91574672504741, 21.314701080322266, 36.611106872558594, 0.29499998688697815, 49.89138412475586, 29.9, 2.6708335876464844], "South Africa": [79.180994222157, 21.165111541748047, 43.293212890625, 2.1619999408721924, 5.078278541564941, 32.0, 1.868827223777771], "Korea, South": [51.30246211276076, 8.15345287322998, 50.65613555908203, 11.086000442504883, 3.1557836532592773, 32.8, 1.2925825119018555], "Philippines": [61.77373232382383, 27.45600128173828, 82.47859191894531, 0.48100000619888306, 15.483272552490234, 28.9, 2.4357638359069824], "Thailand": [53.41470832267044, 31.06859588623047, 60.82308578491211, 0.5889999866485596, 9.846468925476074, 16.9, 2.427595853805542], "Canada / Alberta": [0.0, -3.8155782222747803, 74.52082824707031, 15.050000190734863, 8.586199760437012, 36.0, 0.7121914029121399], "Austria": [53.14224566528577, 1.313537359237671, 60.334434509277344, 21.523000717163086, 14.197831153869629, 33.0, 0.9911581873893738], "Poland": [80.84573786123414, 4.269686698913574, 51.10759353637695, 5.645999908447266, 11.638880729675293, 31.26, 0.779353141784668], "Luxembourg": [0.0, 6.706605911254883, 55.5014533996582, 57.888999938964844, 12.32934856414795, 37.0, 0.9618468284606934], "Pakistan": [77.83527711398072, 16.50638198852539, 62.713619232177734, 0.5370000004768372, 22.192167282104492, 20.6, 1.6455026865005493], "Canada / British Columbia": [0.0, 7.873392581939697, 70.90216827392578, 15.050000190734863, 4.443211078643799, 36.0, 0.8429951667785645], "Lithuania": [28.176764990852952, 2.7005269527435303, 54.921104431152344, 24.804000854492188, 4.172076225280762, 33.0, 0.7024456858634949], "United Kingdom": [67.23960296846465, 3.5166666507720947, 71.33333587646484, 1.690000057220459, 23.981081008911133, 35.0, 0.5], "France": [71.40541749065814, 8.592340469360352, 71.57737731933594, 1.5163333415985107, 53.29663848876953, 37.0, 0.694444477558136], "Italy": [0.0, 4.503333568572998, 46.5, 1.4550000429153442, 36.351593017578125, 36.0, 1.1666665077209473], "Hungary": [82.3460322792938, 6.23125696182251, 57.40766906738281, 5.202000141143799, 9.169392585754395, 33.0, 0.9198652505874634], "Estonia": [27.20041379897409, 1.8943625688552856, 65.1392593383789, 32.45800018310547, 5.094202041625977, 30.8, 0.5705515742301941], "Finland": [80.39085463230904, 0.22778715193271637, 68.10492706298828, 11.01200008392334, 10.751324653625488, 38.0, 0.4352431893348694], "Argentina": [58.472680213281556, 21.576786041259766, 51.022132873535156, 0.8040000200271606, 14.134357452392578, 34.26, 1.3470051288604736], "Netherlands": [0.0, 4.549166202545166, 44.91667175292969, 4.0289998054504395, 29.937496185302734, 35.0, 0.75], "Slovenia": [75.23501571251899, 6.319773197174072, 47.069942474365234, 20.641000747680664, 4.3467817306518555, 33.0, 1.0997565984725952], "Colombia": [86.39443152877762, 14.222471237182617, 90.53055572509766, 1.2209999561309814, 14.08439826965332, 26.11, 2.4152777194976807], "Norway": [79.82189672522283, -1.7652727365493774, 63.03205871582031, 26.658000946044922, 7.227242946624756, 42.5, 0.5581603050231934], "Chile": [93.14533597604483, 15.762008666992188, 62.75223159790039, 6.624000072479248, 14.681222915649414, 8.7, 1.5427964925765991], "Canada / Quebec": [0.0, -10.768668174743652, 68.78494262695312, 14.77400016784668, 27.27173614501953, 36.0, 0.6666666865348816], "Peru": [96.471356412701, 24.511093139648438, 86.46745300292969, 4.675000190734863, 40.488380432128906, 18.4, 1.8886719942092896], "Israel": [28.96359328621913, 15.295791625976562, 58.256248474121094, 28.448999404907227, 10.202262878417969, 34.0, 1.7430554628372192], "Czechia": [73.53829397154288, 2.9718565940856934, 56.72901916503906, 16.79800033569336, 6.526382923126221, 36.0, 0.9660024046897888], "Germany": [49.73418322875438, 0.7879164814949036, 48.0, 13.765142440795898, 12.036505699157715, 37.0, 0.75], "US": [0.0, 11.83874797821045, 84.9583511352539, 1.305999994277954, 62.27521896362305, 35.7, 1.1666663885116577], "Sweden": [40.893564266250856, -0.12810346484184265, 62.375, 7.652285575866699, 25.789012908935547, 37.0, 0.272988498210907], "Turkey": [92.82607931634648, 5.907082557678223, 57.91666793823242, 3.2960000038146973, 40.28778076171875, 37.8, 1.2083334922790527], "Japan": [70.00422513425528, 4.355191707611084, 64.77059936523438, 1.406999945640564, 18.552749633789062, 39.8, 1.2021071910858154], "Greece": [13.931200841940218, 7.553932189941406, 80.13644409179688, 4.800000190734863, 8.619054794311523, 32.9, 1.1168478727340698], "Cuba": [46.85062160910879, 22.298593521118164, 79.3499984741211, 2.6459999084472656, 7.882995128631592, 32.77, 2.521212100982666], "Australia / New South Wales": [38.939824485666456, 19.741409301757812, 74.24956512451172, 17.31800079345703, 3.2981910705566406, 31.0, 1.3747302293777466], "India": [96.86211037349175, 30.079513549804688, 29.32133674621582, 0.33399999141693115, 15.231664657592773, 20.8, 2.412879228591919], "Switzerland": [31.93460244829413, -1.0293055772781372, 80.31806182861328, 20.586999893188477, 18.056520462036133, 37.0, 0.7805555462837219]}